Series_reference,Period,Data_value,STATUS,UNITS,MAGNTUDE,Subject,Group,Series_title_1,Series_title_2,Series_title_3,Series_title_4,Series_title_5
GFSA.SCS01G01Z90,2009.06,2903,FINAL,Dollars,6,Government Financial Statistics - GFS,"Central Government, Operating Statement, Net Balances",Net operating balance,,,,
GFSA.SCS01G01Z90,2010.06,-3564,FINAL,Dollars,6,Government Financial Statistics - GFS,"Central Government, Operating Statement, Net Balances",Net operating balance,,,,
GFSA.SCS01G01Z90,2011.06,-13093,FINAL,Dollars,6,Government Financial Statistics - GFS,"Central Government, Operating Statement, Net Balances",Net operating balance,,,,
GFSA.SCS01G01Z90,2012.06,-3915,FINAL,Dollars,6,Government Financial Statistics - GFS,"Central Government, Operating Statement, Net Balances",Net operating balance,,,,
GFSA.SCS01G01Z90,2013.06,-1191,FINAL,Dollars,6,Government Financial Statistics - GFS,"Central Government, Operating Statement, Net Balances",Net operating balance,,,,
GFSA.SCS01G01Z90,2014.06,987,FINAL,Dollars,6,Government Financial Statistics - GFS,"Central Government, Operating Statement, Net Balances",Net operating balance,,,,
GFSA.SCS01G01Z90,2015.06,3297,FINAL,Dollars,6,Government Financial Statistics - GFS,"Central Government, Operating Statement, Net Balances",Net operating balance,,,,
GFSA.SCS01G01Z90,2016.06,4854,FINAL,Dollars,6,Government Financial Statistics - GFS,"Central Government, Operating Statement, Net Balances",Net operating balance,,,,
GFSA.SCS01G01Z90,2017.06,6794,REVISED,Dollars,6,Government Financial Statistics - GFS,"Central Government, Operating Statement, Net Balances",Net operating balance,,,,
GFSA.SCS01G01Z90,2018.06,7388,REVISED,Dollars,6,Government Financial Statistics - GFS,"Central Government, Operating Statement, Net Balances",Net operating balance,,,,
GFSA.SCS01G01Z90,2019.06,8291,REVISED,Dollars,6,Government Financial Statistics - GFS,"Central Government, Operating Statement, Net Balances",Net operating balance,,,,
GFSA.SCS01G01Z90,2020.06,-14972,FINAL,Dollars,6,Government Financial Statistics - GFS,"Central Government, Operating Statement, Net Balances",Net operating balance,,,,
GFSA.SCS01G01Z91,2009.06,869,FINAL,Dollars,6,Government Financial Statistics - GFS,"Central Government, Operating Statement, Net Balances",Net lending/borrowing,,,,
GFSA.SCS01G01Z91,2010.06,-5363,FINAL,Dollars,6,Government Financial Statistics - GFS,"Central Government, Operating Statement, Net Balances",Net lending/borrowing,,,,
GFSA.SCS01G01Z91,2011.06,-14013,FINAL,Dollars,6,Government Financial Statistics - GFS,"Central Government, Operating Statement, Net Balances",Net lending/borrowing,,,,
GFSA.SCS01G01Z91,2012.06,-5119,FINAL,Dollars,6,Government Financial Statistics - GFS,"Central Government, Operating Statement, Net Balances",Net lending/borrowing,,,,
GFSA.SCS01G01Z91,2013.06,-2423,FINAL,Dollars,6,Government Financial Statistics - GFS,"Central Government, Operating Statement, Net Balances",Net lending/borrowing,,,,
GFSA.SCS01G01Z91,2014.06,-1062,FINAL,Dollars,6,Government Financial Statistics - GFS,"Central Government, Operating Statement, Net Balances",Net lending/borrowing,,,,
GFSA.SCS01G01Z91,2015.06,710,FINAL,Dollars,6,Government Financial Statistics - GFS,"Central Government, Operating Statement, Net Balances",Net lending/borrowing,,,,
GFSA.SCS01G01Z91,2016.06,2059,FINAL,Dollars,6,Government Financial Statistics - GFS,"Central Government, Operating Statement, Net Balances",Net lending/borrowing,,,,
GFSA.SCS01G01Z91,2017.06,4102,REVISED,Dollars,6,Government Financial Statistics - GFS,"Central Government, Operating Statement, Net Balances",Net lending/borrowing,,,,
GFSA.SCS01G01Z91,2018.06,3734,REVISED,Dollars,6,Government Financial Statistics - GFS,"Central Government, Operating Statement, Net Balances",Net lending/borrowing,,,,
GFSA.SCS01G01Z91,2019.06,4532,REVISED,Dollars,6,Government Financial Statistics - GFS,"Central Government, Operating Statement, Net Balances",Net lending/borrowing,,,,
GFSA.SCS01G01Z91,2020.06,-17589,FINAL,Dollars,6,Government Financial Statistics - GFS,"Central Government, Operating Statement, Net Balances",Net lending/borrowing,,,,
GFSA.SCS01G02121,2009.06,2278,FINAL,Dollars,6,Government Financial Statistics - GFS,"Central Government, Operating Statement, Operating Income",Social security contributions,,,,
GFSA.SCS01G02121,2010.06,2523,FINAL,Dollars,6,Government Financial Statistics - GFS,"Central Government, Operating Statement, Operating Income",Social security contributions,,,,
GFSA.SCS01G02121,2011.06,2745,FINAL,Dollars,6,Government Financial Statistics - GFS,"Central Government, Operating Statement, Operating Income",Social security contributions,,,,
GFSA.SCS01G02121,2012.06,2782,FINAL,Dollars,6,Government Financial Statistics - GFS,"Central Government, Operating Statement, Operating Income",Social security contributions,,,,
GFSA.SCS01G02121,2013.06,2514,FINAL,Dollars,6,Government Financial Statistics - GFS,"Central Government, Operating Statement, Operating Income",Social security contributions,,,,
GFSA.SCS01G02121,2014.06,2618,FINAL,Dollars,6,Government Financial Statistics - GFS,"Central Government, Operating Statement, Operating Income",Social security contributions,,,,
GFSA.SCS01G02121,2015.06,2392,FINAL,Dollars,6,Government Financial Statistics - GFS,"Central Government, Operating Statement, Operating Income",Social security contributions,,,,
GFSA.SCS01G02121,2016.06,2049,FINAL,Dollars,6,Government Financial Statistics - GFS,"Central Government, Operating Statement, Operating Income",Social security contributions,,,,
GFSA.SCS01G02121,2017.06,2063,FINAL,Dollars,6,Government Financial Statistics - GFS,"Central Government, Operating Statement, Operating Income",Social security contributions,,,,
GFSA.SCS01G02121,2018.06,1992,FINAL,Dollars,6,Government Financial Statistics - GFS,"Central Government, Operating Statement, Operating Income",Social security contributions,,,,
GFSA.SCS01G02121,2019.06,2169,FINAL,Dollars,6,Government Financial Statistics - GFS,"Central Government, Operating Statement, Operating Income",Social security contributions,,,,
GFSA.SCS01G02121,2020.06,2178,FINAL,Dollars,6,Government Financial Statistics - GFS,"Central Government, Operating Statement, Operating Income",Social security contributions,,,,
GFSA.SCS01G02140,2009.06,579,FINAL,Dollars,6,Government Financial Statistics - GFS,"Central Government, Operating Statement, Operating Income",Other income,,,,
GFSA.SCS01G02140,2010.06,439,FINAL,Dollars,6,Government Financial Statistics - GFS,"Central Government, Operating Statement, Operating Income",Other income,,,,
GFSA.SCS01G02140,2011.06,396,FINAL,Dollars,6,Government Financial Statistics - GFS,"Central Government, Operating Statement, Operating Income",Other income,,,,
GFSA.SCS01G02140,2012.06,365,FINAL,Dollars,6,Government Financial Statistics - GFS,"Central Government, Operating Statement, Operating Income",Other income,,,,
GFSA.SCS01G02140,2013.06,409,FINAL,Dollars,6,Government Financial Statistics - GFS,"Central Government, Operating Statement, Operating Income",Other income,,,,
GFSA.SCS01G02140,2014.06,380,FINAL,Dollars,6,Government Financial Statistics - GFS,"Central Government, Operating Statement, Operating Income",Other income,,,,
GFSA.SCS01G02140,2015.06,282,FINAL,Dollars,6,Government Financial Statistics - GFS,"Central Government, Operating Statement, Operating Income",Other income,,,,
GFSA.SCS01G02140,2016.06,219,FINAL,Dollars,6,Government Financial Statistics - GFS,"Central Government, Operating Statement, Operating Income",Other income,,,,
GFSA.SCS01G02140,2017.06,191,FINAL,Dollars,6,Government Financial Statistics - GFS,"Central Government, Operating Statement, Operating Income",Other income,,,,
GFSA.SCS01G02140,2018.06,232,FINAL,Dollars,6,Government Financial Statistics - GFS,"Central Government, Operating Statement, Operating Income",Other income,,,,
GFSA.SCS01G02140,2019.06,222,FINAL,Dollars,6,Government Financial Statistics - GFS,"Central Government, Operating Statement, Operating Income",Other income,,,,
GFSA.SCS01G02140,2020.06,206,FINAL,Dollars,6,Government Financial Statistics - GFS,"Central Government, Operating Statement, Operating Income",Other income,,,,
GFSA.SCS01G02142,2009.06,3834,FINAL,Dollars,6,Government Financial Statistics - GFS,"Central Government, Operating Statement, Operating Income",Sales of goods and services,,,,
GFSA.SCS01G02142,2010.06,4109,FINAL,Dollars,6,Government Financial Statistics - GFS,"Central Government, Operating Statement, Operating Income",Sales of goods and services,,,,
GFSA.SCS01G02142,2011.06,4416,FINAL,Dollars,6,Government Financial Statistics - GFS,"Central Government, Operating Statement, Operating Income",Sales of goods and services,,,,
GFSA.SCS01G02142,2012.06,4768,FINAL,Dollars,6,Government Financial Statistics - GFS,"Central Government, Operating Statement, Operating Income",Sales of goods and services,,,,
GFSA.SCS01G02142,2013.06,4804,FINAL,Dollars,6,Government Financial Statistics - GFS,"Central Government, Operating Statement, Operating Income",Sales of goods and services,,,,
GFSA.SCS01G02142,2014.06,4901,FINAL,Dollars,6,Government Financial Statistics - GFS,"Central Government, Operating Statement, Operating Income",Sales of goods and services,,,,
GFSA.SCS01G02142,2015.06,4852,FINAL,Dollars,6,Government Financial Statistics - GFS,"Central Government, Operating Statement, Operating Income",Sales of goods and services,,,,
GFSA.SCS01G02142,2016.06,5282,FINAL,Dollars,6,Government Financial Statistics - GFS,"Central Government, Operating Statement, Operating Income",Sales of goods and services,,,,
GFSA.SCS01G02142,2017.06,5564,REVISED,Dollars,6,Government Financial Statistics - GFS,"Central Government, Operating Statement, Operating Income",Sales of goods and services,,,,
GFSA.SCS01G02142,2018.06,5557,REVISED,Dollars,6,Government Financial Statistics - GFS,"Central Government, Operating Statement, Operating Income",Sales of goods and services,,,,
GFSA.SCS01G02142,2019.06,5969,REVISED,Dollars,6,Government Financial Statistics - GFS,"Central Government, Operating Statement, Operating Income",Sales of goods and services,,,,
GFSA.SCS01G02142,2020.06,5978,FINAL,Dollars,6,Government Financial Statistics - GFS,"Central Government, Operating Statement, Operating Income",Sales of goods and services,,,,
GFSA.SCS01G02143,2009.06,898,FINAL,Dollars,6,Government Financial Statistics - GFS,"Central Government, Operating Statement, Operating Income",Dividend income,,,,
GFSA.SCS01G02143,2010.06,2034,FINAL,Dollars,6,Government Financial Statistics - GFS,"Central Government, Operating Statement, Operating Income",Dividend income,,,,
GFSA.SCS01G02143,2011.06,1702,FINAL,Dollars,6,Government Financial Statistics - GFS,"Central Government, Operating Statement, Operating Income",Dividend income,,,,
GFSA.SCS01G02143,2012.06,1259,FINAL,Dollars,6,Government Financial Statistics - GFS,"Central Government, Operating Statement, Operating Income",Dividend income,,,,
GFSA.SCS01G02143,2013.06,1546,FINAL,Dollars,6,Government Financial Statistics - GFS,"Central Government, Operating Statement, Operating Income",Dividend income,,,,
GFSA.SCS01G02143,2014.06,1734,FINAL,Dollars,6,Government Financial Statistics - GFS,"Central Government, Operating Statement, Operating Income",Dividend income,,,,
GFSA.SCS01G02143,2015.06,1661,FINAL,Dollars,6,Government Financial Statistics - GFS,"Central Government, Operating Statement, Operating Income",Dividend income,,,,
GFSA.SCS01G02143,2016.06,2179,FINAL,Dollars,6,Government Financial Statistics - GFS,"Central Government, Operating Statement, Operating Income",Dividend income,,,,
GFSA.SCS01G02143,2017.06,2076,FINAL,Dollars,6,Government Financial Statistics - GFS,"Central Government, Operating Statement, Operating Income",Dividend income,,,,
GFSA.SCS01G02143,2018.06,1866,FINAL,Dollars,6,Government Financial Statistics - GFS,"Central Government, Operating Statement, Operating Income",Dividend income,,,,
GFSA.SCS01G02143,2019.06,2343,FINAL,Dollars,6,Government Financial Statistics - GFS,"Central Government, Operating Statement, Operating Income",Dividend income,,,,
GFSA.SCS01G02143,2020.06,1882,FINAL,Dollars,6,Government Financial Statistics - GFS,"Central Government, Operating Statement, Operating Income",Dividend income,,,,
GFSA.SCS01G02144,2009.06,2085,FINAL,Dollars,6,Government Financial Statistics - GFS,"Central Government, Operating Statement, Operating Income",Interest income,,,,
GFSA.SCS01G02144,2010.06,1716,FINAL,Dollars,6,Government Financial Statistics - GFS,"Central Government, Operating Statement, Operating Income",Interest income,,,,
GFSA.SCS01G02144,2011.06,2032,FINAL,Dollars,6,Government Financial Statistics - GFS,"Central Government, Operating Statement, Operating Income",Interest income,,,,
GFSA.SCS01G02144,2012.06,2103,FINAL,Dollars,6,Government Financial Statistics - GFS,"Central Government, Operating Statement, Operating Income",Interest income,,,,
GFSA.SCS01G02144,2013.06,2117,FINAL,Dollars,6,Government Financial Statistics - GFS,"Central Government, Operating Statement, Operating Income",Interest income,,,,
GFSA.SCS01G02144,2014.06,2459,FINAL,Dollars,6,Government Financial Statistics - GFS,"Central Government, Operating Statement, Operating Income",Interest income,,,,
GFSA.SCS01G02144,2015.06,2569,FINAL,Dollars,6,Government Financial Statistics - GFS,"Central Government, Operating Statement, Operating Income",Interest income,,,,
GFSA.SCS01G02144,2016.06,2400,FINAL,Dollars,6,Government Financial Statistics - GFS,"Central Government, Operating Statement, Operating Income",Interest income,,,,
GFSA.SCS01G02144,2017.06,2333,FINAL,Dollars,6,Government Financial Statistics - GFS,"Central Government, Operating Statement, Operating Income",Interest income,,,,
GFSA.SCS01G02144,2018.06,2281,FINAL,Dollars,6,Government Financial Statistics - GFS,"Central Government, Operating Statement, Operating Income",Interest income,,,,
GFSA.SCS01G02144,2019.06,2137,REVISED,Dollars,6,Government Financial Statistics - GFS,"Central Government, Operating Statement, Operating Income",Interest income,,,,
GFSA.SCS01G02144,2020.06,1768,FINAL,Dollars,6,Government Financial Statistics - GFS,"Central Government, Operating Statement, Operating Income",Interest income,,,,
GFSA.SCS01G02981,2009.06,172,FINAL,Dollars,6,Government Financial Statistics - GFS,"Central Government, Operating Statement, Operating Income",Current grants,,,,
GFSA.SCS01G02981,2010.06,164,FINAL,Dollars,6,Government Financial Statistics - GFS,"Central Government, Operating Statement, Operating Income",Current grants,,,,
GFSA.SCS01G02981,2011.06,174,FINAL,Dollars,6,Government Financial Statistics - GFS,"Central Government, Operating Statement, Operating Income",Current grants,,,,
GFSA.SCS01G02981,2012.06,174,FINAL,Dollars,6,Government Financial Statistics - GFS,"Central Government, Operating Statement, Operating Income",Current grants,,,,
GFSA.SCS01G02981,2013.06,185,FINAL,Dollars,6,Government Financial Statistics - GFS,"Central Government, Operating Statement, Operating Income",Current grants,,,,
GFSA.SCS01G02981,2014.06,214,FINAL,Dollars,6,Government Financial Statistics - GFS,"Central Government, Operating Statement, Operating Income",Current grants,,,,
GFSA.SCS01G02981,2015.06,238,FINAL,Dollars,6,Government Financial Statistics - GFS,"Central Government, Operating Statement, Operating Income",Current grants,,,,
GFSA.SCS01G02981,2016.06,285,FINAL,Dollars,6,Government Financial Statistics - GFS,"Central Government, Operating Statement, Operating Income",Current grants,,,,
GFSA.SCS01G02981,2017.06,253,FINAL,Dollars,6,Government Financial Statistics - GFS,"Central Government, Operating Statement, Operating Income",Current grants,,,,
GFSA.SCS01G02981,2018.06,289,FINAL,Dollars,6,Government Financial Statistics - GFS,"Central Government, Operating Statement, Operating Income",Current grants,,,,
GFSA.SCS01G02981,2019.06,315,FINAL,Dollars,6,Government Financial Statistics - GFS,"Central Government, Operating Statement, Operating Income",Current grants,,,,
GFSA.SCS01G02981,2020.06,333,FINAL,Dollars,6,Government Financial Statistics - GFS,"Central Government, Operating Statement, Operating Income",Current grants,,,,
GFSA.SCS01G02982,2009.06,1696,FINAL,Dollars,6,Government Financial Statistics - GFS,"Central Government, Operating Statement, Operating Income",Other current transfers,,,,
GFSA.SCS01G02982,2010.06,1878,FINAL,Dollars,6,Government Financial Statistics - GFS,"Central Government, Operating Statement, Operating Income",Other current transfers,,,,
GFSA.SCS01G02982,2011.06,1970,REVISED,Dollars,6,Government Financial Statistics - GFS,"Central Government, Operating Statement, Operating Income",Other current transfers,,,,
GFSA.SCS01G02982,2012.06,1935,REVISED,Dollars,6,Government Financial Statistics - GFS,"Central Government, Operating Statement, Operating Income",Other current transfers,,,,
GFSA.SCS01G02982,2013.06,2075,FINAL,Dollars,6,Government Financial Statistics - GFS,"Central Government, Operating Statement, Operating Income",Other current transfers,,,,
GFSA.SCS01G02982,2014.06,2039,FINAL,Dollars,6,Government Financial Statistics - GFS,"Central Government, Operating Statement, Operating Income",Other current transfers,,,,
GFSA.SCS01G02982,2015.06,1827,FINAL,Dollars,6,Government Financial Statistics - GFS,"Central Government, Operating Statement, Operating Income",Other current transfers,,,,
GFSA.SCS01G02982,2016.06,1697,FINAL,Dollars,6,Government Financial Statistics - GFS,"Central Government, Operating Statement, Operating Income",Other current transfers,,,,
GFSA.SCS01G02982,2017.06,1792,REVISED,Dollars,6,Government Financial Statistics - GFS,"Central Government, Operating Statement, Operating Income",Other current transfers,,,,
GFSA.SCS01G02982,2018.06,2004,FINAL,Dollars,6,Government Financial Statistics - GFS,"Central Government, Operating Statement, Operating Income",Other current transfers,,,,
GFSA.SCS01G02982,2019.06,2145,REVISED,Dollars,6,Government Financial Statistics - GFS,"Central Government, Operating Statement, Operating Income",Other current transfers,,,,
GFSA.SCS01G02982,2020.06,2282,FINAL,Dollars,6,Government Financial Statistics - GFS,"Central Government, Operating Statement, Operating Income",Other current transfers,,,,
GFSA.SCS01G02991,2009.06,0,FINAL,Dollars,6,Government Financial Statistics - GFS,"Central Government, Operating Statement, Operating Income",Capital grants,,,,
GFSA.SCS01G02991,2010.06,0,FINAL,Dollars,6,Government Financial Statistics - GFS,"Central Government, Operating Statement, Operating Income",Capital grants,,,,
GFSA.SCS01G02991,2011.06,0,FINAL,Dollars,6,Government Financial Statistics - GFS,"Central Government, Operating Statement, Operating Income",Capital grants,,,,
GFSA.SCS01G02991,2012.06,0,FINAL,Dollars,6,Government Financial Statistics - GFS,"Central Government, Operating Statement, Operating Income",Capital grants,,,,
GFSA.SCS01G02991,2013.06,0,FINAL,Dollars,6,Government Financial Statistics - GFS,"Central Government, Operating Statement, Operating Income",Capital grants,,,,
GFSA.SCS01G02991,2014.06,0,FINAL,Dollars,6,Government Financial Statistics - GFS,"Central Government, Operating Statement, Operating Income",Capital grants,,,,
GFSA.SCS01G02991,2015.06,0,FINAL,Dollars,6,Government Financial Statistics - GFS,"Central Government, Operating Statement, Operating Income",Capital grants,,,,
GFSA.SCS01G02991,2016.06,99,FINAL,Dollars,6,Government Financial Statistics - GFS,"Central Government, Operating Statement, Operating Income",Capital grants,,,,
GFSA.SCS01G02991,2017.06,75,FINAL,Dollars,6,Government Financial Statistics - GFS,"Central Government, Operating Statement, Operating Income",Capital grants,,,,
GFSA.SCS01G02991,2018.06,0,FINAL,Dollars,6,Government Financial Statistics - GFS,"Central Government, Operating Statement, Operating Income",Capital grants,,,,
GFSA.SCS01G02991,2019.06,0,FINAL,Dollars,6,Government Financial Statistics - GFS,"Central Government, Operating Statement, Operating Income",Capital grants,,,,
GFSA.SCS01G02991,2020.06,0,FINAL,Dollars,6,Government Financial Statistics - GFS,"Central Government, Operating Statement, Operating Income",Capital grants,,,,
GFSA.SCS01G02992,2009.06,5,FINAL,Dollars,6,Government Financial Statistics - GFS,"Central Government, Operating Statement, Operating Income",Other capital transfers,,,,
GFSA.SCS01G02992,2010.06,3,FINAL,Dollars,6,Government Financial Statistics - GFS,"Central Government, Operating Statement, Operating Income",Other capital transfers,,,,
GFSA.SCS01G02992,2011.06,4188,REVISED,Dollars,6,Government Financial Statistics - GFS,"Central Government, Operating Statement, Operating Income",Other capital transfers,,,,
GFSA.SCS01G02992,2012.06,361,REVISED,Dollars,6,Government Financial Statistics - GFS,"Central Government, Operating Statement, Operating Income",Other capital transfers,,,,
GFSA.SCS01G02992,2013.06,1,FINAL,Dollars,6,Government Financial Statistics - GFS,"Central Government, Operating Statement, Operating Income",Other capital transfers,,,,
GFSA.SCS01G02992,2014.06,4,FINAL,Dollars,6,Government Financial Statistics - GFS,"Central Government, Operating Statement, Operating Income",Other capital transfers,,,,
GFSA.SCS01G02992,2015.06,10,FINAL,Dollars,6,Government Financial Statistics - GFS,"Central Government, Operating Statement, Operating Income",Other capital transfers,,,,
GFSA.SCS01G02992,2016.06,8,FINAL,Dollars,6,Government Financial Statistics - GFS,"Central Government, Operating Statement, Operating Income",Other capital transfers,,,,
GFSA.SCS01G02992,2017.06,5,FINAL,Dollars,6,Government Financial Statistics - GFS,"Central Government, Operating Statement, Operating Income",Other capital transfers,,,,
GFSA.SCS01G02992,2018.06,4,FINAL,Dollars,6,Government Financial Statistics - GFS,"Central Government, Operating Statement, Operating Income",Other capital transfers,,,,
GFSA.SCS01G02992,2019.06,5,FINAL,Dollars,6,Government Financial Statistics - GFS,"Central Government, Operating Statement, Operating Income",Other capital transfers,,,,
GFSA.SCS01G02992,2020.06,6,FINAL,Dollars,6,Government Financial Statistics - GFS,"Central Government, Operating Statement, Operating Income",Other capital transfers,,,,
GFSA.SCS01G02998,2009.06,57681,FINAL,Dollars,6,Government Financial Statistics - GFS,"Central Government, Operating Statement, Operating Income",Taxation revenue,,,,
GFSA.SCS01G02998,2010.06,53179,FINAL,Dollars,6,Government Financial Statistics - GFS,"Central Government, Operating Statement, Operating Income",Taxation revenue,,,,
GFSA.SCS01G02998,2011.06,54678,FINAL,Dollars,6,Government Financial Statistics - GFS,"Central Government, Operating Statement, Operating Income",Taxation revenue,,,,
GFSA.SCS01G02998,2012.06,58526,FINAL,Dollars,6,Government Financial Statistics - GFS,"Central Government, Operating Statement, Operating Income",Taxation revenue,,,,
GFSA.SCS01G02998,2013.06,62193,FINAL,Dollars,6,Government Financial Statistics - GFS,"Central Government, Operating Statement, Operating Income",Taxation revenue,,,,
GFSA.SCS01G02998,2014.06,65166,FINAL,Dollars,6,Government Financial Statistics - GFS,"Central Government, Operating Statement, Operating Income",Taxation revenue,,,,
GFSA.SCS01G02998,2015.06,70009,FINAL,Dollars,6,Government Financial Statistics - GFS,"Central Government, Operating Statement, Operating Income",Taxation revenue,,,,
GFSA.SCS01G02998,2016.06,74018,FINAL,Dollars,6,Government Financial Statistics - GFS,"Central Government, Operating Statement, Operating Income",Taxation revenue,,,,
GFSA.SCS01G02998,2017.06,79458,FINAL,Dollars,6,Government Financial Statistics - GFS,"Central Government, Operating Statement, Operating Income",Taxation revenue,,,,
GFSA.SCS01G02998,2018.06,84143,FINAL,Dollars,6,Government Financial Statistics - GFS,"Central Government, Operating Statement, Operating Income",Taxation revenue,,,,
GFSA.SCS01G02998,2019.06,91431,REVISED,Dollars,6,Government Financial Statistics - GFS,"Central Government, Operating Statement, Operating Income",Taxation revenue,,,,
GFSA.SCS01G02998,2020.06,89794,FINAL,Dollars,6,Government Financial Statistics - GFS,"Central Government, Operating Statement, Operating Income",Taxation revenue,,,,
GFSA.SCS01G02Z99,2009.06,69229,FINAL,Dollars,6,Government Financial Statistics - GFS,"Central Government, Operating Statement, Operating Income",Total,,,,
GFSA.SCS01G02Z99,2010.06,66046,FINAL,Dollars,6,Government Financial Statistics - GFS,"Central Government, Operating Statement, Operating Income",Total,,,,
GFSA.SCS01G02Z99,2011.06,72303,FINAL,Dollars,6,Government Financial Statistics - GFS,"Central Government, Operating Statement, Operating Income",Total,,,,
GFSA.SCS01G02Z99,2012.06,72274,FINAL,Dollars,6,Government Financial Statistics - GFS,"Central Government, Operating Statement, Operating Income",Total,,,,
GFSA.SCS01G02Z99,2013.06,75845,FINAL,Dollars,6,Government Financial Statistics - GFS,"Central Government, Operating Statement, Operating Income",Total,,,,
GFSA.SCS01G02Z99,2014.06,79515,FINAL,Dollars,6,Government Financial Statistics - GFS,"Central Government, Operating Statement, Operating Income",Total,,,,
GFSA.SCS01G02Z99,2015.06,83841,FINAL,Dollars,6,Government Financial Statistics - GFS,"Central Government, Operating Statement, Operating Income",Total,,,,
GFSA.SCS01G02Z99,2016.06,88237,FINAL,Dollars,6,Government Financial Statistics - GFS,"Central Government, Operating Statement, Operating Income",Total,,,,
GFSA.SCS01G02Z99,2017.06,93810,REVISED,Dollars,6,Government Financial Statistics - GFS,"Central Government, Operating Statement, Operating Income",Total,,,,
GFSA.SCS01G02Z99,2018.06,98369,REVISED,Dollars,6,Government Financial Statistics - GFS,"Central Government, Operating Statement, Operating Income",Total,,,,
GFSA.SCS01G02Z99,2019.06,106736,REVISED,Dollars,6,Government Financial Statistics - GFS,"Central Government, Operating Statement, Operating Income",Total,,,,
GFSA.SCS01G02Z99,2020.06,104426,FINAL,Dollars,6,Government Financial Statistics - GFS,"Central Government, Operating Statement, Operating Income",Total,,,,
GFSA.SCS01G03210,2009.06,16203,FINAL,Dollars,6,Government Financial Statistics - GFS,"Central Government, Operating Statement, Operating Expenses",Employee expenses,,,,
GFSA.SCS01G03210,2010.06,16831,FINAL,Dollars,6,Government Financial Statistics - GFS,"Central Government, Operating Statement, Operating Expenses",Employee expenses,,,,
GFSA.SCS01G03210,2011.06,17523,FINAL,Dollars,6,Government Financial Statistics - GFS,"Central Government, Operating Statement, Operating Expenses",Employee expenses,,,,
GFSA.SCS01G03210,2012.06,18113,FINAL,Dollars,6,Government Financial Statistics - GFS,"Central Government, Operating Statement, Operating Expenses",Employee expenses,,,,
GFSA.SCS01G03210,2013.06,18487,FINAL,Dollars,6,Government Financial Statistics - GFS,"Central Government, Operating Statement, Operating Expenses",Employee expenses,,,,
GFSA.SCS01G03210,2014.06,18976,FINAL,Dollars,6,Government Financial Statistics - GFS,"Central Government, Operating Statement, Operating Expenses",Employee expenses,,,,
GFSA.SCS01G03210,2015.06,19709,FINAL,Dollars,6,Government Financial Statistics - GFS,"Central Government, Operating Statement, Operating Expenses",Employee expenses,,,,
GFSA.SCS01G03210,2016.06,20305,FINAL,Dollars,6,Government Financial Statistics - GFS,"Central Government, Operating Statement, Operating Expenses",Employee expenses,,,,
GFSA.SCS01G03210,2017.06,21140,REVISED,Dollars,6,Government Financial Statistics - GFS,"Central Government, Operating Statement, Operating Expenses",Employee expenses,,,,
GFSA.SCS01G03210,2018.06,22164,REVISED,Dollars,6,Government Financial Statistics - GFS,"Central Government, Operating Statement, Operating Expenses",Employee expenses,,,,
GFSA.SCS01G03210,2019.06,24237,REVISED,Dollars,6,Government Financial Statistics - GFS,"Central Government, Operating Statement, Operating Expenses",Employee expenses,,,,
GFSA.SCS01G03210,2020.06,26140,FINAL,Dollars,6,Government Financial Statistics - GFS,"Central Government, Operating Statement, Operating Expenses",Employee expenses,,,,
GFSA.SCS01G03220,2009.06,7740,FINAL,Dollars,6,Government Financial Statistics - GFS,"Central Government, Operating Statement, Operating Expenses",Purchases of goods and services,,,,
GFSA.SCS01G03220,2010.06,8072,FINAL,Dollars,6,Government Financial Statistics - GFS,"Central Government, Operating Statement, Operating Expenses",Purchases of goods and services,,,,
GFSA.SCS01G03220,2011.06,8395,FINAL,Dollars,6,Government Financial Statistics - GFS,"Central Government, Operating Statement, Operating Expenses",Purchases of goods and services,,,,
GFSA.SCS01G03220,2012.06,8428,FINAL,Dollars,6,Government Financial Statistics - GFS,"Central Government, Operating Statement, Operating Expenses",Purchases of goods and services,,,,
GFSA.SCS01G03220,2013.06,8630,FINAL,Dollars,6,Government Financial Statistics - GFS,"Central Government, Operating Statement, Operating Expenses",Purchases of goods and services,,,,
GFSA.SCS01G03220,2014.06,9139,FINAL,Dollars,6,Government Financial Statistics - GFS,"Central Government, Operating Statement, Operating Expenses",Purchases of goods and services,,,,
GFSA.SCS01G03220,2015.06,9333,FINAL,Dollars,6,Government Financial Statistics - GFS,"Central Government, Operating Statement, Operating Expenses",Purchases of goods and services,,,,
GFSA.SCS01G03220,2016.06,9836,FINAL,Dollars,6,Government Financial Statistics - GFS,"Central Government, Operating Statement, Operating Expenses",Purchases of goods and services,,,,
GFSA.SCS01G03220,2017.06,10504,REVISED,Dollars,6,Government Financial Statistics - GFS,"Central Government, Operating Statement, Operating Expenses",Purchases of goods and services,,,,
GFSA.SCS01G03220,2018.06,11082,REVISED,Dollars,6,Government Financial Statistics - GFS,"Central Government, Operating Statement, Operating Expenses",Purchases of goods and services,,,,
GFSA.SCS01G03220,2019.06,12204,REVISED,Dollars,6,Government Financial Statistics - GFS,"Central Government, Operating Statement, Operating Expenses",Purchases of goods and services,,,,
GFSA.SCS01G03220,2020.06,13003,FINAL,Dollars,6,Government Financial Statistics - GFS,"Central Government, Operating Statement, Operating Expenses",Purchases of goods and services,,,,
GFSA.SCS01G03240,2009.06,2294,FINAL,Dollars,6,Government Financial Statistics - GFS,"Central Government, Operating Statement, Operating Expenses",Interest expense,,,,
GFSA.SCS01G03240,2010.06,2510,FINAL,Dollars,6,Government Financial Statistics - GFS,"Central Government, Operating Statement, Operating Expenses",Interest expense,,,,
GFSA.SCS01G03240,2011.06,3238,FINAL,Dollars,6,Government Financial Statistics - GFS,"Central Government, Operating Statement, Operating Expenses",Interest expense,,,,
GFSA.SCS01G03240,2012.06,3621,FINAL,Dollars,6,Government Financial Statistics - GFS,"Central Government, Operating Statement, Operating Expenses",Interest expense,,,,
GFSA.SCS01G03240,2013.06,3778,FINAL,Dollars,6,Government Financial Statistics - GFS,"Central Government, Operating Statement, Operating Expenses",Interest expense,,,,
GFSA.SCS01G03240,2014.06,3544,FINAL,Dollars,6,Government Financial Statistics - GFS,"Central Government, Operating Statement, Operating Expenses",Interest expense,,,,
GFSA.SCS01G03240,2015.06,3669,FINAL,Dollars,6,Government Financial Statistics - GFS,"Central Government, Operating Statement, Operating Expenses",Interest expense,,,,
GFSA.SCS01G03240,2016.06,3561,FINAL,Dollars,6,Government Financial Statistics - GFS,"Central Government, Operating Statement, Operating Expenses",Interest expense,,,,
GFSA.SCS01G03240,2017.06,3536,FINAL,Dollars,6,Government Financial Statistics - GFS,"Central Government, Operating Statement, Operating Expenses",Interest expense,,,,
GFSA.SCS01G03240,2018.06,3503,FINAL,Dollars,6,Government Financial Statistics - GFS,"Central Government, Operating Statement, Operating Expenses",Interest expense,,,,
GFSA.SCS01G03240,2019.06,3500,FINAL,Dollars,6,Government Financial Statistics - GFS,"Central Government, Operating Statement, Operating Expenses",Interest expense,,,,
GFSA.SCS01G03240,2020.06,3211,FINAL,Dollars,6,Government Financial Statistics - GFS,"Central Government, Operating Statement, Operating Expenses",Interest expense,,,,
GFSA.SCS01G03270,2009.06,28887,FINAL,Dollars,6,Government Financial Statistics - GFS,"Central Government, Operating Statement, Operating Expenses",Social benefits,,,,
GFSA.SCS01G03270,2010.06,30831,FINAL,Dollars,6,Government Financial Statistics - GFS,"Central Government, Operating Statement, Operating Expenses",Social benefits,,,,
GFSA.SCS01G03270,2011.06,31875,FINAL,Dollars,6,Government Financial Statistics - GFS,"Central Government, Operating Statement, Operating Expenses",Social benefits,,,,
